isbn13,title,author,genre,salesPoint,cover,genre_original,description
9788936434120,소년이 온다,한강 (지은이),소설,359496,https://image.aladin.co.kr/product/4086/97/cover200/8936434128_2.jpg,국내도서>소설/시/희곡>한국소설>2000년대 이후 한국소설,섬세한 감수성과 치밀한 문장으로 인간 존재의 본질을 탐구해온 작가 한강의 여섯번째 장편소설. '상처의 구조에 대한 투시와 천착의 서사'를 통해 한강만이 풀어낼 수 있는 방식으로 1980년 5월을 새롭게 조명한다.
9788925588735,프로젝트 헤일메리,"앤디 위어 (지은이), 강동혁 (옮긴이)",소설,345251,https://image.aladin.co.kr/product/27045/43/cover200/k692135851_3.jpg,국내도서>소설/시/희곡>과학소설(SF)>외국 과학소설,"데뷔작 《마션》과 후속작 《아르테미스》가 연달아 대성공을 거두며 뉴욕 타임스와 아마존 베스트셀러에 이름을 올린 명실상부 최고의 SF 작가, 앤디 위어의 신작. 지구를 구하기 위해서 정작 스스로는 지구로 돌아오지 못할 헤일메리호에 오른 ‘좋은 사람’인 주인공의 이야기가 펼쳐진다."
9791194530701,괴테는 모든 것을 말했다,"스즈키 유이 (지은이), 이지수 (옮긴이)",소설,240457,https://image.aladin.co.kr/product/37676/59/cover200/s612137162_1.jpg,국내도서>소설/시/희곡>일본소설>1950년대 이후 일본소설,"23세 대학원생 스즈키 유이의 첫 장편소설로, 제172회 아쿠타가와상을 수상했다. 일본 언론은 그를 움베르토 에코, 칼비노, 보르헤스에 견주며 “일본 문학의 샛별”이라 극찬했다. 스무 살 남짓한 청년이 쓴 이 작품에서는 고전문학의 풍부한 깊이와 신인만의 참신함이 동시에 느껴진다."
9788937460586,싯다르타,"헤르만 헤세 (지은이), 박병덕 (옮긴이)",소설,231470,https://image.aladin.co.kr/product/32/95/cover200/s062934786_1.jpg,국내도서>소설/시/희곡>독일소설,헤세가 거의 일 년 반 동안 창작이 거의 불가능할 정도로 심한 우울증을 앓다가 정신 치료를 받은 후 발표한 작품이다. 동서양의 정신적 유산을 시적으로 승화한 일종의 종교적 성장소설로 볼 수 있는데 영원을 향한 갈망과 인간의 내면을 깊이 파고드는 초월에 대한 의지를 단순하고도 서정적인 문체로 담아냈다.
9788954682152,작별하지 않는다,한강 (지은이),소설,198590,https://image.aladin.co.kr/product/27877/5/cover200/8954682154_3.jpg,국내도서>소설/시/희곡>한국소설>2000년대 이후 한국소설,2016년 &lt;채식주의자&gt;로 인터내셔널 부커상을 수상하고 2018년 &lt;흰&gt;으로 같은 상 최종 후보에 오른 한강 작가의 5년 만의 장편소설. 2019년 겨울부터 이듬해 봄까지 계간 &lt;문학동네&gt;에 전반부를 연재하며 큰 관심을 모은 작품이다.
9791199305304,자몽살구클럽,한로로 (HANRORO) (지은이),소설,154522,https://image.aladin.co.kr/product/36808/37/cover200/k082030009_1.jpg,국내도서>소설/시/희곡>한국소설>2000년대 이후 한국소설,"싱어송라이터 한로로가 발매할 세 번째 EP 음악 앨범과 연결된 동명의 소설이다. 죽고 싶은 네명의 아이들이 비밀 클럽 '자몽살구클럽'에서 만나 서로를 살리기로 한다. 각자의 모진 삶을 견디기 힘들어 모인 '소하', '태수', '유민', '보현'의 에피소드는 생존이라는 목표 아래 처절하게 전개된다."
9788937473401,급류,정대건 (지은이),소설,130302,https://image.aladin.co.kr/product/30769/24/cover200/8937473402_1.jpg,국내도서>소설/시/희곡>한국소설>2000년대 이후 한국소설,"2020년 《한경신춘문예》에 장편소설 &lt;GV 빌런 고태경&gt;이 당선되어 작품 활동을 시작한 소설가 정대건의 두 번째 장편소설 &lt;급류&gt;가 오늘의 젊은 작가 시리즈 40번으로 출간되었다. &lt;급류&gt;는 저수지와 계곡이 유명한 지방도시 ‘진평’을 배경으로, 열일곱 살 동갑내기인 ‘도담’과 ‘해솔’의 만남과 사랑을 그린 소설이다."
9791192372730,위버멘쉬,"프리드리히 니체 (지은이), 어나니머스 (옮긴이)",인문학,117202,https://image.aladin.co.kr/product/39408/51/cover200/k922139090_1.jpg,국내도서>인문학>인문 에세이,"30만 독자가 선택한 《위버멘쉬》가 완전히 새로워진 개정판으로 돌아왔다. 이 책은 단순히 니체를 해설하는 철학서가 아니다. 타인의 기준과 시선 속에서 흔들리던 인간이, 어떻게 자기 삶의 중심을 되찾을 수 있는지를 묻는 책이다."
9791191114768,단 한 번의 삶,김영하 (지은이),에세이,116657,https://image.aladin.co.kr/product/36114/12/cover200/s602038067_2.jpg,국내도서>에세이>한국에세이,"김영하가 산문 『단 한 번의 삶』을 출간했다. 60만 명이 넘는 독자의 사랑을 받은 『여행의 이유』 이후 6년 만에 선보이는 산문집으로, 유료 이메일 구독 서비스 '영하의 날씨'에 2024년 연재되었던 글을 대폭 수정하고 다듬어 묶었다. '영하의 날씨'는 초기 구독자의 초대로만 가입이 가능한 서비스로 화제를 모으며 연재 당시 뜨거운 호응을 얻었다."
9791124248171,인생을 위한 최소한의 생각,"신영준, 고영성 (지은이)",인문학,116203,https://image.aladin.co.kr/product/38548/11/cover200/k192135753_2.jpg,국내도서>인문학>교양 인문학,시대를 초월해 검증된 거인들의 통찰을 빌려와 삶의 중심을 바로 세워줄 '최소한의 생각'을 제안한다. 화면을 내려놓고 스스로에게 근본적인 질문을 던지는 시간 속에서 우리는 멸종 위기에 처한 생각을 되살리고 삶의 중심을 되찾을 수 있다. 그리고 잃어버렸던 진정한 행복과 마주하게 될 것이다.
9791193506516,초역 부처의 말,"코이케 류노스케 (지은이), 박재현 (옮긴이)",인문학,109043,https://image.aladin.co.kr/product/33973/70/cover200/k682930444_1.jpg,국내도서>인문학>교양 인문학,"2500년 동안 사람들에게 사랑받으며 회자되어 온 부처의 말을 코이케 류노스케 스님이 현대어로 재해석해 책으로 출간했다. 간결하게 축약된 핵심만을 담은 부처의 메시지는, 마음이 약해지고 어려움에 처한 사람들에게 힘과 용기를 불어넣어 준다."
9788937461798,브람스를 좋아하세요...,"프랑수아즈 사강 (지은이), 김남주 (옮긴이)",소설,102374,https://image.aladin.co.kr/product/215/66/cover200/s252137206_1.jpg,국내도서>소설/시/희곡>프랑스소설,"&lt;슬픔이여 안녕&gt;의 작가 프랑수아즈 사강의 장편소설. 기쁨과 슬픔, 행복과 불행이 교묘하게 뒤섞여 있는 일상을 배경으로 사랑의 덧없음을 이야기한다. 전혀 다른 두 사랑 앞에서 방황하는 폴을 중심으로 로제와 시몽의 심리를 섬세하게 묘사하고 있다."
9788925554990,스토너,"존 윌리엄스 (지은이), 김승욱 (옮긴이)",소설,93260,https://image.aladin.co.kr/product/5100/19/cover200/8925554992_3.jpg,국내도서>소설/시/희곡>영미소설,"내셔널 북 어워드 수상작가 존 윌리엄스의 장편소설. 2013년 영국 최대의 체인 서점인 '워터스톤' 올해의 책으로 선정된 도서이다. 1965년 미국에서 발표된 후, 오랜 시간 동안 독자들에게 잊힌 &lt;스토너&gt;는 유럽 출판계와 평론가, 독자들의 열렬한 반응을 이끌어내며 베스트셀러가 되었다."
9791124038413,품격 있는 대화를 위한 지식 브리핑,김진 (지은이),인문학,93090,https://image.aladin.co.kr/product/39244/75/cover200/k782138107_2.jpg,국내도서>인문학>교양 인문학,"매일 아침 100만 명의 뉴스를 책임지는 앵커 김진의 첫 책. 16년간 취재 기자이자 간판 뉴스 앵커로 활동해온 저자는 역설적으로 ""뉴스는 세상의 진짜 지식을 말해주지 않는다""고 단언한다. 120만 구독자를 보유한 유튜브 채널 &lt;꽉TV&gt;와 시사 프로그램 &lt;김진의 돌직구쇼&gt;를 통해 복잡한 현안을 명쾌하게 풀어온 그가, 이번에는 뉴스 이면에 숨겨진 세상의 설계도를 한 권의 책에 담아냈다."
9791172134297,인비인,성해나 (지은이),소설,90370,https://image.aladin.co.kr/product/39581/25/cover200/k692139247_2.jpg,국내도서>소설/시/희곡>호러.공포소설>한국 호러.공포소설,"《혼모노》로 40만 독자의 마음을 사로잡으며 한국 문단의 가장 뜨거운 이름으로 자리한 작가 성해나가 2026년 6월, 첫 기담집 《인비인》으로 돌아왔다. 이번엔 ‘기담’이라는 장르적 형식을 빌려, 한층 더 기묘하고 서늘한 아홉 편의 세계를 펼쳐 보인다."
9791192559100,니체의 초월자,"프리드리히 니체 (지은이), 김철 (편역)",인문학,87400,https://image.aladin.co.kr/product/37539/55/cover200/k392032120_1.jpg,국내도서>인문학>서양철학>현대철학>프리드리히 니체,유튜브 철학하루를 운영하고 있는 김철 작가의 두 번째 인문 책이다. 니체 철학의 주요 사상은 초월자가 되는 것이다. 초월자라는 것은 신이 되거나 남보다 특별한 존재가 되라는 뜻이 아니다. 내가 옳다고 믿는 길을 스스로 선택하는 삶을 뜻한다.
9791199383074,완벽한 원시인,자청 (지은이),인문학,85389,https://image.aladin.co.kr/product/38694/70/cover200/k612136721_2.jpg,국내도서>인문학>교양 인문학,『역행자』로 60만 독자의 삶을 변화시킨 자청이 이번에는 인류의 기원을 붙잡고 돌아왔다. 전작이 전략을 다뤘다면 『완벽한 원시인』은 그 전략을 끝까지 실행할 수 있는 인간의 조건을 묻는다.
9791155819227,내면 근력,"짐 머피 (지은이), 지여울 (옮긴이)",자기계발,84610,https://image.aladin.co.kr/product/38895/53/cover200/k602137608_1.jpg,국내도서>자기계발>성공>성공학,"전 세계 27개국 출간 베스트셀러로, 짐 머피의 ‘내면 근력’ 훈련을 담았다. 외적 성공이 아닌 감정과 태도를 다스리는 힘으로 잠재력을 끌어올리고, 자기 삶의 주인으로 살아가는 방법을 제시한다."
9791130646381,이처럼 사소한 것들,"클레어 키건 (지은이), 홍한별 (옮긴이)",소설,80229,https://image.aladin.co.kr/product/32938/68/cover200/k472936042_2.jpg,국내도서>소설/시/희곡>세계의 소설>아일랜드소설,2023년 4월 국내에 처음 소개된 『맡겨진 소녀』로 국내 문인들과 문학 독자들의 열렬한 환호를 받은 클레어 키건의 대표작. 자신이 속한 사회 공동체의 은밀한 공모를 발견하고 자칫 모든 걸 잃을 수 있는 선택 앞에서 고뇌하는 한 남자의 내면을 그린 작품이다.
9791199496651,부처님 말씀대로 살아보니,"토니 페르난도 (지은이), 강정선 (옮긴이)",자기계발,79955,https://image.aladin.co.kr/product/38537/5/cover200/k732135332_1.jpg,국내도서>자기계발>성공>성공학,"“부처는 인간의 마음을 해부한 인류 최초의 심리학자였다.” 호주와 뉴질랜드에서 실제 진료 현장을 이끌어 온 정신과 의사 토니 페르난도는 불안과 고통의 근원을 탐구하며, 2,600년 전 마음의 작동 원리를 꿰뚫어 본 부처님의 가르침에 주목한다."
9791197221989,"첫 여름, 완주",김금희 (지은이),소설,78981,https://image.aladin.co.kr/product/36275/58/cover200/k692038832_3.jpg,국내도서>소설/시/희곡>한국소설>2000년대 이후 한국소설,세심한 온정의 세계를 빚어내는 우리 시대의 작가 김금희의 장편소설. 돈을 갚지 않고 사라진 선배 고수미의 고향 완주 마을을 찾은 성우 손열매는 그곳에서 합동 장의사 겸 매점을 운영하는 수미 어머니의 집에 머물게 된다. 오갈 데 없는 처지에 목소리에까지 이상이 생긴 열매는 수미 어머니의 매점을 지키며 각양각색의 동네 사람들을 만난다.
9788932043562,빛과 실,한강 (지은이),에세이,75366,https://image.aladin.co.kr/product/36292/22/cover200/8932043566_2.jpg,국내도서>에세이>한국에세이,“역사적 트라우마를 정면으로 마주하고 인간 삶의 연약함을 드러내는 강렬하고 시적인 산문”이라는 선정 이유와 함께 2024년 노벨문학상을 수상한 작가 한강의 신작 『빛과 실』(2025)이 문학과지성사 산문 시리즈 &lt;문지 에크리&gt;의 아홉번째 책으로 출간되었다.
9791173323027,호의에 대하여,문형배 (지은이),에세이,74389,https://image.aladin.co.kr/product/37061/58/cover200/s722033655_1.jpg,국내도서>에세이>명사에세이>기타 명사에세이,"문형배 재판관이 편견과 독선에 빠지지 않고 작고 평범한 보통의 삶을 지키기 위해 배우고 성찰하며 기록한 120편의 글을 담은 책이다. 나의 일상을 풍요롭게 채우는 건 어떤 의미인가, 다른 사람의 삶을 온전히 이해할 수 있는가, 사람과 사회는 바뀔 수 있는가. 자작나무에서 지리산으로, 도스토옙스키에서 몽테스키외로, 일상에서 재판까지."
9791187232629,사랑이 있으니 살아집디다,"유시민, 김세라 (지은이)",에세이,74365,https://image.aladin.co.kr/product/38850/97/cover200/k992137800_2.jpg,국내도서>에세이>한국에세이,"1975년 인혁당 사건 사형 피해자 우홍선의 아내 강순희의 삶을 기록한 구술 자서전. 북만주와 평양, 전쟁과 피난을 거쳐 이어진 삶과 민주화운동의 시간을 담았다. 『운명이다』를 잇는 유시민의 두 번째 자서전 작업이다."
9788937460883,오만과 편견,"제인 오스틴 (지은이), 윤지관, 전승희 (옮긴이)",소설,73810,https://image.aladin.co.kr/product/43/68/cover200/s937460882_1.jpg,국내도서>소설/시/희곡>영미소설,"제인 오스틴의 대표작 <오만과 편견>이 보다 정확하고 말끔한 번역으로 재출간됐다. 역자인 윤지관과 전승희는 10여 년에 걸친 기간 동안 철저한 원문대조를 통해, 본래의 의미와 문체를 생생하게 되살려내기 위해 노력했다고."
9791199489530,무례한 세상에서 나를 지키는 법,"발타사르 그라시안 (지은이), 하와이 대저택 (편역)",자기계발,72635,https://image.aladin.co.kr/product/38816/95/cover200/k382137182_1.jpg,국내도서>자기계발>인간관계>인간관계,"철학자 쇼펜하우어와 니체가 인생의 스승으로 삼았던 마키아벨리스트, 발타자르 그라시안의 사상을 가장 날카롭게 정제한 조셉 제이콥스의 1892년 판본을 저본으로 삼았다. 95만 구독자의 삶을 변화시킨 ‘하와이 대저택’은 사전적 의미에 갇힌 죽은 언어는 모두 걷어내고, 소음이 가득한 2026년을 살아낼 독자들의 현실을 덧입혀 문장을 완벽하게 재탄생시켰다."
9791162544327,렛뎀 이론,"멜 로빈스 (지은이), 윤효원 (옮긴이)",자기계발,72626,https://image.aladin.co.kr/product/36949/35/cover200/k532030618_2.jpg,국내도서>자기계발>성공>성공학,"중요하지도 않은 것들을 신경 쓰느라 나를 소모하는 싸움에서 벗어나, 진정 중요한 것?즉 자기 자신, 자기 행복, 목표, 인생?에 집중하는 방법을 알려준다. 수백만 독자의 공감과 열렬한 지지를 얻으며 출간 즉시 아마존 베스트셀러 종합 1위에 오른 《렛뎀 이론》은, 오롯이 ‘나’로 충만한 인생을 살고 싶어진 모든 이에게 행복의 잠재력을 열어줄 가장 쉽고 심플한 도구를 선물할 것이다."
9791141603250,2026 제17회 젊은작가상 수상작품집,"김채원, 길란, 남의현, 서장원, 위수정, 이미상, 함윤이 (지은이)",소설,72435,https://image.aladin.co.kr/product/38989/43/cover200/k232137415_1.jpg,국내도서>소설/시/희곡>한국소설>2000년대 이후 한국소설,한국문학의 미래와 함께하고자 2010년 제정된 젊은작가상이 2026년 올해로 17회를 맞이했다. 올해 젊은작가상에 이름을 올린 수상 작가는 김채원 길란 남의현 서장원 위수정 이미상 함윤이다.
9788936439965,아코디언,천명관 (지은이),소설,70390,https://image.aladin.co.kr/product/39553/98/cover200/8936439960_1.jpg,국내도서>소설/시/희곡>한국소설>2000년대 이후 한국소설,"10년의 기다림을 깨고, 마침내 천명관의 거대한 서사가 다시 맹렬하게 펄떡이기 시작한다. 장편소설 『고래』(문학동네 2004)로 2023년 인터내셔널 부커상 최종후보에 오르며 전세계 문학계를 뜨겁게 달군 그가 새롭게 펼쳐 보이는 무대는 한국전쟁의 흙먼지가 채 가시지 않은 1950년대 서울이다."
9791193401583,최소한의 삼국지,"최태성 (지은이), 이성원 (감수)",인문학,68257,https://image.aladin.co.kr/product/38989/10/cover200/k482137414_1.jpg,국내도서>인문학>교양 인문학,"10만 독자에게 삼국지의 재미와 의미를 선물한 《최소한의 삼국지》가 한정판 리커버 에디션으로 돌아왔다. 이번에 새롭게 선보이는 ‘도원결의 에디션’은 유비, 관우, 장비 삼 형제가 복숭아밭에서 의형제를 맺는 삼국지 대표 명장면을 표지에 담았다."
9791124497029,사춘기 엄마의 오장육부,나민애 (지은이),에세이,68255,https://image.aladin.co.kr/product/39067/21/cover200/k662137858_1.jpg,국내도서>에세이>한국에세이,"저자 나민애 교수는 아이들 이상으로 돌봐야 할 것이 사춘기 부모들의 마음이라고 말한다. 그는 이 책에서 같은 시기를 겪어내고 있는 부모들의 마음을 공감하고 위로하고, 이 모든 것이 ‘아이를 향한 사랑’에서 발현된 감정임을 확인하게 해준다."
9788936439880,할매,황석영 (지은이),소설,67931,https://image.aladin.co.kr/product/37966/51/cover200/893643988x_1.jpg,국내도서>소설/시/희곡>한국소설>2000년대 이후 한국소설,"한국문학의 가장 높은 산, 만해문학상·대산문학상·에밀 기메 아시아문학상 수상에 빛나는 황석영이 장편소설 『할매』로 돌아왔다. 인터내셔널 부커상 최종후보에 오르며 전세계를 열광시킨 『철도원 삼대』(창비 2020) 이후 5년 만의 신작이다."
9788937460708,체호프 단편선,"안톤 파블로비치 체호프 (지은이), 박현섭 (옮긴이)",소설,67738,https://image.aladin.co.kr/product/38/90/cover200/s552934787_1.jpg,국내도서>소설/시/희곡>러시아소설,"19세기 러시아 단편문학을 주도한 체호프의 단편 모음집이 나왔다. 19세기는 러시아 문학의 황금시대라 불리며 푸슈킨, 고골 등이 활발하게 활동했던 때. 책에 실린 작품은 1883년에서 1902년 사이에 발표된 것으로, 그 시기는 다르지만 일관된 주제 의식과 창작 기법을 보여준다."
9791173578601,이향인,"라미 카민스키 (지은이), 최지숙 (옮긴이)",인문학,65545,https://image.aladin.co.kr/product/38793/3/cover200/k292137262_1.jpg,국내도서>인문학>교양 인문학,"단체 채팅방의 새 알림을 읽지 않으면 불안해지고, '함께'라는 단어가 당연시 되는 사회. 정답처럼 제시되는 감정에 동의해야 하고, 분위기에 맞춰 자신의 감정과 리액션을 '수정'해야 하는 그 모든 순간. ""우리는 정말 이렇게까지 연결돼야 하는가."" 뉴욕의 저명한 정신과 의사 라미 카인스키 박사는 이 질문에 답하기 위해 하나의 이름을 제시한다. 바로 '이향인(오트로버트)'."
9791175773370,신 퇴마록 신세편 1,이우혁 (지은이),소설,64100,https://image.aladin.co.kr/product/39613/89/cover200/k052130972_1.jpg,국내도서>소설/시/희곡>호러.공포소설>한국 호러.공포소설,"무려 1,000만 부 누적 판매라는 유례없는 기록을 보유한 K-오컬트의 바이블, 『퇴마록』의 새로운 장이 열린다. 이우혁 작가가 직접 예고해 온 『신 퇴마록』이 마침내 그 모습을 드러낸 것이다. 『신 퇴마록』은 전작의 세계관을 계승하면서도 완벽히 독립적인 서사를 갖추어, 전작을 접하지 않은 독자라도 단숨에 빠져들 수 있도록 집필되었다."
9791173579721,말하지 않고 말하기,김정운 (지은이),인문학,64015,https://image.aladin.co.kr/product/39182/60/cover200/k702138679_1.jpg,국내도서>인문학>심리학/정신분석학>교양 심리학,"문화심리학자 김정운의 『말하지 않고 말하기』는 혁명적 전환에서 출발한다. 저자는 발달심리학자 비고츠키와 대니얼 스턴, 진화인류학자 토마셀로, 대화 분석을 창시한 사회학자 하비 색스 등의 연구를 종횡으로 엮으며 소통의 가장 근원적인 조건 여섯 가지를 제안한다."
9791194368175,듀얼 브레인,"이선 몰릭 (지은이), 신동숙 (옮긴이)",자기계발,63212,https://image.aladin.co.kr/product/35873/90/cover200/k762037781_1.jpg,국내도서>자기계발>성공>성공학,"AI 시대를 살아가기 위해 꼭 읽어야 할 필독서다. 저자 이선 몰릭은 타임에서 선정한 ‘인공지능 분야에서 가장 영향력 있는 인물’ 중 한 명이다. 여러 AI 기업에 자문을 제공하고, 와튼 스쿨에서 교육에 AI 활용을 접목하는 등 다양한 영역에서 영향력을 발휘하고 있다. 그런 저자가 생성형 AI를 둘러싼 모든 것에 관한 최고의 책을 집필했다."
9788954646079,바깥은 여름,김애란 (지은이),소설,61677,https://image.aladin.co.kr/product/11145/47/cover200/s532932793_1.jpg,국내도서>소설/시/희곡>한국소설>2000년대 이후 한국소설,&lt;비행운&gt; 이후 5년 만에 펴내는 김애란 소설집. 역대 최연소 수상으로 화제를 모은 이상문학상 수상작 '침묵의 미래'와 젊은작가상 수상작 '어디로 가고 싶으신가요'를 포함해 일곱 편의 단편이 실렸다.
9791141603373,백지 앞에서,최은영 (지은이),에세이,61625,https://image.aladin.co.kr/product/39137/0/cover200/k732137654_1.jpg,국내도서>에세이>한국에세이,"소설가 최은영이 데뷔 이후 13년 만에 처음으로 산문집을 출간한다. 2024년 가을부터 2025년까지 써내려간 6편의 새로운 원고에 기존에 발표한 4편의 원고를 고치고 더해 완성한 책으로, 한 편 한 편이 단편소설에 가까운 긴 호흡으로 이어지며 최은영 특유의 “정서적 중량감”(문학평론가 서영채)을 고스란히 느끼게 한다."
9791141617226,시간의 감촉,은희경 (지은이),소설,59970,https://image.aladin.co.kr/product/39536/43/cover200/k182139749_1.jpg,국내도서>소설/시/희곡>한국소설>2000년대 이후 한국소설,은희경이 장편소설로는 『빛의 과거』 이후 7년 만에 반가운 신작 『시간의 감촉』을 펴낸다. 작가는 『시간의 감촉』의 ‘작가의 말’에서 “한 사람의 몸에 담긴 시간과 공간과 사회의 이야기”를 쓰고 싶었다고 밝힌다. “발견과 성장의 여정”이라는 공통적인 주제를 담고 있다는 점에서 이번 장편이 “『새의 선물』과 『빛의 과거』”를 잇는 “‘시간 3부작’”의 대미라고도 말한다.
9791167372864,구의 증명,최진영 (지은이),소설,58153,https://image.aladin.co.kr/product/31561/46/cover200/k782832854_1.jpg,국내도서>소설/시/희곡>한국소설>2000년대 이후 한국소설,사랑하는 연인의 갑작스러운 죽음 이후 겪게 되는 상실과 애도의 과정을 통해 삶의 의미 혹은 죽음의 의미를 되묻는 소설이다. 이 작품에서 최진영은 퇴색하지 않는 사랑의 가치를 전면에 내세우고 아름다운 문장과 감성적이며 애절한 감수성을 통해 젊고 아름다운 남녀의 열정적인 사랑과 냉정한 죽음에 대해 세련된 감성과 탁월한 문체로 담아내고 있다.
9791194330424,넥서스,"유발 하라리 (지은이), 김명주 (옮긴이)",인문학,57425,https://image.aladin.co.kr/product/34917/23/cover200/k022933254_1.jpg,국내도서>인문학>문화/문화이론>문명/문명사,"《사피엔스》 《호모 데우스》에서 펼쳤던 그의 논지가 ‘정보’를 중심으로 통합되어 더 정교하게 실체를 드러내는 《넥서스》에서 우리는 하라리 교수의 도저한 ‘현실주의’적 해법을 만난다. 비인간 지능이 우리의 존재를 위협하는 현재, 우리는 실수할 여유가 없다."
9791193238691,편안함의 습격,"마이클 이스터 (지은이), 김원진 (옮긴이)",인문학,55777,https://image.aladin.co.kr/product/36612/28/cover200/k202030863_2.jpg,국내도서>인문학>교양 인문학,"행동 변화 전문가이자 건강 분야 저널리스트인 마이클 이스터는 수천 명의 전문가를 인터뷰하면서 현대인의 건강과 행복, 의미 있는 삶을 탐구해왔다. 삶을 최적화하는 데 실질적인 도움이 되는 과학적 전략을 찾아온 그는 인류가 잃어버린 감각, ‘불편함’에서 해답을 찾았다."
9791167742063,경험의 멸종,"크리스틴 로젠 (지은이), 이영래 (옮긴이)",인문학,54944,https://image.aladin.co.kr/product/36423/59/cover200/k912039194_1.jpg,국내도서>인문학>교양 인문학,"문화 비평가이자 역사학자인 크리스틴 로젠은 《경험의 멸종》에서 경험이 소멸하는 21세기적 현상을 탐구하고 그 소멸이 갖는 의미를 철학적으로 분석한다. 대중문화, 과학, 정치, 법률 등 수많은 사례를 탐사하는 로젠의 작업은 인간의 조건이 되었던 경험들이 사라져가는 지금, 우리에게 이 흐름을 전복할 지적 근거를 제공한다."
9791175773387,신 퇴마록 신세편 2,이우혁 (지은이),소설,54350,https://image.aladin.co.kr/product/39613/92/cover200/k182130972_1.jpg,국내도서>소설/시/희곡>호러.공포소설>한국 호러.공포소설,"무려 1,000만 부 누적 판매라는 유례없는 기록을 보유한 K-오컬트의 바이블, 『퇴마록』의 새로운 장이 열린다. 이우혁 작가가 직접 예고해 온 『신 퇴마록』이 마침내 그 모습을 드러낸 것이다. 『신 퇴마록』은 전작의 세계관을 계승하면서도 완벽히 독립적인 서사를 갖추어, 전작을 접하지 않은 독자라도 단숨에 빠져들 수 있도록 집필되었다."
9791198547514,수족관,유래혁 (지은이),소설,53900,https://image.aladin.co.kr/product/33081/18/cover200/k582937507_1.jpg,국내도서>소설/시/희곡>한국소설>2000년대 이후 한국소설,"유래혁 소설. 보육 시설에서 자라난 인물 ‘류이치’가, 먼저 보육 시설에서 도망쳐나온 인물 ‘아카리’를 만나 겪게 되는 일들을 그려낸다. 이 두 인물은 자신들이 가진 뿌리 깊은 과거와 상처, 그 이야기가 만들어낸 수족관에서 만나 입을 맞추고, 서로의 숨을 훔쳐가면서도 언젠가 오키나와의 너른 바다에 도착하는 꿈을 나눈다."
9791175773394,신 퇴마록 신세편 3,이우혁 (지은이),소설,52840,https://image.aladin.co.kr/product/39614/6/cover200/k352130972_1.jpg,국내도서>소설/시/희곡>호러.공포소설>한국 호러.공포소설,"무려 1,000만 부 누적 판매라는 유례없는 기록을 보유한 K-오컬트의 바이블, 『퇴마록』의 새로운 장이 열린다. 이우혁 작가가 직접 예고해 온 『신 퇴마록』이 마침내 그 모습을 드러낸 것이다. 『신 퇴마록』은 전작의 세계관을 계승하면서도 완벽히 독립적인 서사를 갖추어, 전작을 접하지 않은 독자라도 단숨에 빠져들 수 있도록 집필되었다."
9791170612759,가공범,"히가시노 게이고 (지은이), 김선영 (옮긴이)",소설,51953,https://image.aladin.co.kr/product/36786/80/cover200/k472030698_3.jpg,국내도서>소설/시/희곡>추리/미스터리소설>일본 추리/미스터리소설,‘오늘의 일본을 대표하는 작가’이자 일본 내 ‘단행본 판매 누계 1억 부’ 돌파라는 전대미문의 쾌거를 거둔 히가시노 게이고의 장편소설 『가공범』이 출간되었다. 천재 캐릭터나 기상천외한 범죄 없이도 여러 번 숨을 멎게 하는 히가시노 게이고의 매력이 더욱 빛을 발하는 작품이다.
9791191043297,"오늘 밤, 세계에서 이 사랑이 사라진다 해도","이치조 미사키 (지은이), 권영주 (옮긴이)",소설,51409,https://image.aladin.co.kr/product/27407/79/cover200/s842033450_1.jpg,국내도서>소설/시/희곡>일본소설>1950년대 이후 일본소설,제26회 전격소설대상 ‘미디어워크스문고상’ 수상작. 밤에 자고 일어나면 기억이 리셋되는 ‘선행성 기억상실증’을 앓는 소녀 히노 마오리와 무미건조한 인생을 살고 있는 평범한 고등학생 가미야 도루의 풋풋하고 애틋한 사랑 이야기를 담았다.
9791141602024,2025 제16회 젊은작가상 수상작품집,"백온유, 강보라, 서장원, 성해나, 성혜령, 이희주, 현호정 (지은이)",소설,50571,https://image.aladin.co.kr/product/36143/59/cover200/k742038673_1.jpg,국내도서>소설/시/희곡>한국소설>2000년대 이후 한국소설,"한국문학의 새로운 미래를 함께하고자 2010년 제정된 젊은작가상이 올해로 어느덧 16회를 맞이했다. 데뷔 십 년 이내의 젊은 작가들이 한 해 동안 발표한 소설 가운데, 지금 여기에서 창발하는 문제의식을 가장 예리한 시선으로 포착해낸 작품에 주목하고자 한다."
9791192300818,마흔에 읽는 쇼펜하우어,강용수 (지은이),인문학,50502,https://image.aladin.co.kr/product/32361/59/cover200/k592935565_3.jpg,국내도서>인문학>서양철학>근대철학>쇼펜하우어,"인생의 의미를 끊임없이 고민한 철학자, 아르투어 쇼펜하우어가 남긴 사유 가운데, 현시대 40대가 회의감과 상실감 등을 다스리는 데 도움이 되는 내용 30가지 지혜를 담았다. 이 책을 통해 괴로움에 휘둘리지 않는 법, 자기 인생에 집중하는 법, 자긍심을 갖는 법, 시간의 의미를 깨닫고 현명하게 사는 법을 배울 수 있다."
9791198754080,다크 심리학,다크 사이드 프로젝트 (지은이),인문학,49816,https://image.aladin.co.kr/product/36844/27/cover200/k742030204_1.jpg,국내도서>인문학>심리학/정신분석학>교양 심리학,"‘다크 심리학’은 인간 본성의 어두운 면을 탐구하여 타인의 감정을 조종하거나 조작하는 기술을 융합한 것이다. 그런데 최근 들어 수많은 사람이 다크 심리학에 깊은 관심을 보인다. 과연 왜 그럴까? 바로 힘과 지혜, 권력과 지식을 통해 자신의 현재 삶을 바꾸고 싶은 인간의 심리가 기저에 깔려 있기 때문이다."
9788962626605,먼저 온 미래,장강명 (지은이),인문학,49772,https://image.aladin.co.kr/product/36659/88/cover200/8962626608_1.jpg,국내도서>인문학>교양 인문학,"소설과 논픽션을 넘나들며 과학기술이 삶과 사회에 미칠 영향을 탐구해 온 저널리스트-작가 장강명이 전현직 프로기사 30명과 바둑 전문가 6명을 만나 알파고 이후 바둑계에 ‘먼저 온 미래’를 돌아보고, 인공지능이 문학계를 비롯한 여러 업계에 가져올 변화를 전망한 르포르타주다."
9791159921445,사탄탱고,"크러스너호르커이 라슬로 (지은이), 조원규 (옮긴이)",소설,49418,https://image.aladin.co.kr/product/13133/29/cover200/s292032111_1.jpg,국내도서>소설/시/희곡>세계의 소설>동유럽소설,"2025 노벨문학상 수상작가 크러스너호르커이 라슬로의 장편소설. 크러스너호르커이는 고골, 멜빌과 같은 대문호와 자주 비견되며 매년 유력한 노벨상 후보로 거론되는 작가다. &lt;사탄탱고&gt;는 그의 대표작 가운데서도 가장 널리 알려진 작품이다."
9788954616515,희랍어 시간,한강 (지은이),소설,48555,https://image.aladin.co.kr/product/1384/91/cover200/8954616518_2.jpg,국내도서>소설/시/희곡>한국소설>2000년대 이후 한국소설,"&lt;채식주의자&gt;, &lt;내 여자의 열매&gt;, &lt;바람이 분다, 가라&gt;의 작가 한강의 장편소설. 이것은 한 남자와 한 여자의 이야기이다. 다만 한 여자와 한 남자의 기척이 만나는 이야기이다. 말語을 잃어가는 한 여자의 침묵과 눈眼을 잃어가는 한 남자의 빛이 만나는 찰나의 이야기를 그린 소설이다."
9791193842287,어른의 품격을 채우는 100일 필사 노트,김종원 (지은이),자기계발,48233,https://image.aladin.co.kr/product/35809/29/cover200/k572036659_2.jpg,국내도서>자기계발>성공>성공학,“마흔 이후 삶의 품격은 인생을 살아가는 태도에서 나온다” 120만 독자의 멘토 김종원 작가가 전하는 삶을 관통하는 조언과 위로의 문장들을 담은 책이다.
9791139728002,손자병법,"손무 (지은이), 소준섭 (옮긴이)",인문학,46982,https://image.aladin.co.kr/product/37298/6/cover200/k292031545_1.jpg,국내도서>인문학>교양 인문학,"『손자병법』은 왜 2,500년 동안 고전의 자리를 지켜왔을까? 그 이유는 단순하다. 이 책이 말하는 승리의 본질은 단순히 “어떻게 이길 것인가”가 아니라 “어떻게 위태롭지 않게 살 것인가”이기 때문이다. 싸워서 이길 수도 있고 질 수도 있지만, 지더라도 위태로워지지 않는 상태, 다시 탈탈 털고 일어설 수 있는 수천 년의 검증을 견뎌낸 지혜를 전하기 때문이다."
9791167740984,도둑맞은 집중력,"요한 하리 (지은이), 김하현 (옮긴이)",인문학,46194,https://image.aladin.co.kr/product/31559/97/cover200/s102936816_3.jpg,국내도서>인문학>심리학/정신분석학>교양 심리학,우리는 집중하지 못하고 산만해지는 것이 흔히 스마트폰과 같은 디지털 기기에 대해 자제력을 발휘하지 못하는 개인의 실패라고 생각한다. 그러나 그렇지 않다. 저자는 현재 우리가 겪고 있는 집중력 문제가 현대 사회의 비만율의 증가와 유사하다고 설명한다.
9791199555112,일본 광고 카피 도감,오하림 (지은이),에세이,45672,https://image.aladin.co.kr/product/38384/33/cover200/k572135461_1.jpg,국내도서>에세이>한국에세이,TBWA에서 오랜 카피라이터 시절을 보내고 무신사를 거쳐 29CM에서 헤드 카피라이터로 일하며 수많은 카피를 만들어온 오하림 카피라이터가 자신을 카피라이터의 세계로 이끌고 더 새로운 시선으로 세상을 보게 해주었던 일본 광고 카피 문장을 도감 형식으로 펼쳐냈다.
9788954651134,흰,"한강 (지은이), 최진혁 (사진)",소설,45634,https://image.aladin.co.kr/product/14322/3/cover200/8954651135_3.jpg,국내도서>소설/시/희곡>한국소설>2000년대 이후 한국소설,"2018년 봄, 한강 작가의 소설 &lt;흰&gt;을 새롭게 선보인다. 이 년 전 오월에 세상에 나와 빛의 겹겹 오라기로 둘러싸인 적 있던 그 &lt;흰&gt;에 새 옷을 입히게 된 건 소설 발간에 즈음해 행했던 작가의 퍼포먼스가 글과 함께 배었으면 하는 바람에서였다."
9791193153710,너를 아끼며 살아라,나태주 (지은이),에세이,45508,https://image.aladin.co.kr/product/36538/54/cover200/k782039949_1.jpg,국내도서>에세이>한국에세이,우리 시대의 큰 어른인 풀꽃 시인 나태주. 그는 베스트셀러 시인이면서 동시에 국내에서 가장 인기 많은 섭외 1순위 명강연자로 통한다. 이 책은 나태주 시인이 강연을 준비하며 틈틈이 메모해 둔 노트에서 가장 많은 사람들에게 공감과 감동을 주었던 글귀들을 가려 뽑아 엮은 책이다.
9791124638002,이병한의 대한민국 탐문,이병한 (지은이),인문학,45410,https://image.aladin.co.kr/product/39474/31/cover200/k252139313_1.jpg,국내도서>인문학>교양 인문학,"출간 즉시 뜨거웠던 화제작 《이병한의 아메리카 탐문》 《이병한의 테크노-차이나 탐문》을 잇는 ‘뉴 노멀 탐문’ 3부작 완결판. 이번에는 대한민국이다. 단도직입, 산업문명의 라스트 선진국에서 디지털/AI 문명의 퍼스트 설계자로, 대한민국의 새로운 미래를 과감하게 설계할 것을 제안한다."
9791141615055,쥬디 할머니,박완서 (지은이),소설,45206,https://image.aladin.co.kr/product/38333/33/cover200/k832034447_2.jpg,국내도서>소설/시/희곡>한국소설>2000년대 이후 한국소설,한국문단을 지탱해온 깊은 뿌리이자 세대를 거듭해 생장하는 거대한 우듬지인 작가 박완서의 타계 15주기를 기리기 위해 박완서 단편소설선 『쥬디 할머니 - 소설가가 사랑하는 박완서 단편 베스트 10』을 문학동네에서 출간한다.
9791194530398,단 한 줄만 내 마음에 새긴다고 해도,나민애 (지은이),인문학,44957,https://image.aladin.co.kr/product/36527/20/cover200/k372039628_1.jpg,국내도서>인문학>책읽기/글쓰기>글쓰기,"정지용부터 나태주, 이병률, 황인찬까지 시간과 세대를 넘나드는 시인들의 작품 77편을 주제별로 엮은 이 책은 마치 &lt;시 플레이리스트&gt; 같다. ‘위로가 필요할 때’ ‘사랑 곁에 머물고 싶을 때’ ‘마음이 쓸쓸할 때’처럼 감정의 결에 따라서 골라 읽을 수 있게 구성했다. 덧붙인 해설은 독자들이 오래도록 그 마음에 머물도록, 그렇게 사유의 폭을 넓혀가도록 돕는다."
9788937460616,설국,"가와바타 야스나리 (지은이), 유숙자 (옮긴이)",소설,43847,https://image.aladin.co.kr/product/32/87/cover200/s092934786_1.jpg,국내도서>소설/시/희곡>일본소설>1950년대 이후 일본소설,"『설국』이 민음사에서 새로 번역되어 출간되었다. 『설국』은 이미 10여 종이 넘는 한국어 번역본이 나와 있으며 그간 수십만 권이 팔렸을 만큼 국내에서 애독되고 있는 대표적인 일본 소설이지만, 정식 계약 번역본은 이번이 처음이다."
9791141602383,인간 실격,"다자이 오사무 (지은이), 홍은주 (옮긴이)",소설,42370,https://image.aladin.co.kr/product/36655/4/cover200/k452030089_1.jpg,국내도서>소설/시/희곡>일본소설>1950년대 이전 일본소설,"문학동네는 우울과 파멸의 작가라는 이미지가 강했던 다자이의 밝고 유쾌한 면모를 보여주는 소설집 『쓰가루·석별·옛날이야기』를 출간한 데 이어, 그의 마지막 완성작이자 명실상부한 대표작 『인간 실격』을 홍은주 번역가의 치밀하고 섬세한 번역으로 선보인다."
9791175780170,캐릭터 심리 사전,"린다 N. 에델스타인 (지은이), 지여울 (옮긴이)",인문학,41675,https://image.aladin.co.kr/product/38809/21/cover200/k582137986_2.jpg,국내도서>인문학>책읽기/글쓰기>글쓰기,"심리학 박사 린다 N. 에델스타인이 30년 이상 축적한 임상 경험과 연구 데이터를 바탕으로 사이코패스 범죄자나 트라우마를 겪는 인물 등 문제적 캐릭터의 내면 분석은 물론, 영유아기부터 노년기에 이르는 생애 전 주기의 성격적 특징을 폭넓게 조망한다. 여기에 신체 조건, 직업, 가족 관계 같은 외부 환경이 인물의 심리와 어떻게 얽히는지도 설득력 있게 보여준다."
9791141601300,이중 하나는 거짓말,김애란 (지은이),소설,41642,https://image.aladin.co.kr/product/34474/76/cover200/s402035710_1.jpg,국내도서>소설/시/희곡>한국소설>2000년대 이후 한국소설,한국문학의 결정적 순간을 만들어온 젊은 거장 김애란의 장편소설. 몇 년 전 진행된 한 인터뷰에서 차기작에 대해 묻는 질문에 작가가 “빛과 거짓말 그리고 그림에 관한 이야기”라고 설명한 것 외에는 모든 것이 베일에 가려져 있던 바로 그 작품이 오랜 기다림 끝에 마침내 공개된다.
9791194374299,요리를 한다는 것,최강록 (지은이),에세이,41134,https://image.aladin.co.kr/product/36568/61/cover200/k872039245_1.jpg,국내도서>에세이>명사에세이>기타 명사에세이,"&lt;마스터셰프 코리아2&gt;의 우승자이자 &lt;흑백요리사&gt; &lt;냉장고를 부탁해&gt; 등에 출연한 셰프 최강록의 자전적 에세이. 음식, 요리, 식당, 요리사라는 네 가지 키워드로 지난날과 지금의 일상을 담았다."
9791168343108,양면의 조개껍데기,김초엽 (지은이),소설,40612,https://image.aladin.co.kr/product/39702/30/cover200/k812130492_1.jpg,국내도서>소설/시/희곡>과학소설(SF)>한국 과학소설,2010년대 한국 SF의 새 역사를 썼다고 평가받는 작가 김초엽이 데뷔 8년 차를 맞는 2025년 여름 신작 소설집 《양면의 조개껍데기》로 우리를 찾아왔다. 이번 책에는 인간성의 본질에 관해 다각적으로 질문을 던지는 총 7편의 중단편소설이 담겼다.
9791192389233,마음의 기술,"안-엘렌 클레르, 뱅상 트리부 (지은이), 구영옥 (옮긴이)",인문학,38984,https://image.aladin.co.kr/product/35238/88/cover200/k132934949_1.jpg,국내도서>인문학>심리학/정신분석학>교양 심리학,우리를 고통스럽게 하는 행동과 생각을 수정하고 강렬한 감정을 조절하는 방법을 안내하는 책이다. 그리고 그 방법은 누구나 쉽게 이해하고 적용할 수 있는 신경과학 기초 지식을 바탕으로 한다.
9791139716146,행동하지 않으면 인생은 바뀌지 않는다,"브라이언 트레이시 (지은이), 정지현 (옮긴이)",자기계발,38695,https://image.aladin.co.kr/product/35221/57/cover200/k172934625_1.jpg,국내도서>자기계발>성공>성공학,"어제보다 1% 더 나아진 행동이 무기력을 쾌감으로 바꾸고 잠자던 성장 본능을 깨우며 마침내 당신을 성공으로 이끈다. 당신의 출신과 환경은 중요하지 않다. 오직 행동만이 당신을 원하는 곳으로 데려갈 것이다. 이 책에는 목표 시각화부터 시간의 마법 같은 활용법까지, 저자가 평생 연구하고 증명한 성공 전략이 빼곡히 담겨 있다."
9791168341890,제철 행복,김신지 (지은이),에세이,38582,https://image.aladin.co.kr/product/33842/43/cover200/k982930091_2.jpg,국내도서>에세이>한국에세이,"세상에 행복이란 게 존재한다면 잠시 머무는 이 계절의 모습을 하고 있을 것이다. 지금 곁에 와 손짓하고 있지만 무심코 지나쳐버리기 쉽기에 알맞은 시절에 챙겨야 하는 작은 기쁨들, 이 책은 바로 그 '제철 행복'에 대한 이야기다."
9788936439651,대온실 수리 보고서,김금희 (지은이),소설,38192,https://image.aladin.co.kr/product/34712/24/cover200/8936439650_2.jpg,국내도서>소설/시/희곡>한국소설>2000년대 이후 한국소설,"마음에 이는 무늬를 섬세하게 수놓으며 이야기의 아름다움을 증명해온 소설가 김금희가 장편소설 『대온실 수리 보고서』를 선보인다. 이 작품은 동양 최대의 유리온실이었던 창경궁 대온실을 배경으로, 그 안에 숨어 있는 가슴 저릿한 비밀과 인간에 대한 믿음을 저버리지 않으려는 신념을 감동적으로 보여준다."
9791167903662,매스커레이드 라이프,"히가시노 게이고 (지은이), 김은모 (옮긴이)",소설,37910,https://image.aladin.co.kr/product/39656/83/cover200/k972130191_1.jpg,국내도서>소설/시/희곡>추리/미스터리소설>일본 추리/미스터리소설,"일본에서 가장 사랑받는 미스터리 작가, 대표작 『나미야 잡화점의 기적』으로 미스터리 팬을  넘어 전 세계 독자들에게 ‘작은 선의의 선택들이 모였을 때, 우리의 삶이 어떤 기적으로 이어질 수 있는가’를 선보인 히가시노 게이고의 누적 판매 550만 부 인기 시리즈 최신작 『매스커레이드 라이프』가 현대문학에서 출간되었다."
9788954699075,도시와 그 불확실한 벽,"무라카미 하루키 (지은이), 홍은주 (옮긴이)",소설,37785,https://image.aladin.co.kr/product/32355/30/cover200/s882937331_1.jpg,국내도서>소설/시/희곡>일본소설>1950년대 이후 일본소설,"고교생 에세이 대회에서 만나 서로 좋아하게 된 그들은, 화창한 여름날 순수한 한쌍의 소년과 소녀였다. 그러던 어느 날, 소녀가 알 수 없는 말을 한다. “지금 여기 있는 나는 진짜 내가 아니야. 진짜 나는 높은 벽으로 둘러싸인 그 도시에 살아.” 소년은 소녀가 들려주는 도시 이야기에 빠져든다."
9791169851626,운명을 보는 기술,박성준 (지은이),자기계발,36290,https://image.aladin.co.kr/product/37480/92/cover200/k252032010_1.jpg,국내도서>자기계발>성공>성공학,"세상은 눈에 보이지 않는 힘으로 움직인다. 사주, 관상, 풍수는 그 힘의 흐름을 읽어내기 위해 인류가 가장 오래전부터 사용해 온 기술이다. 흔히 미신으로 치부되지만, 사실은 2,300년 전부터 전해 내려온 삶의 지혜이자 인간을 깊이 이해하기 위한 통찰의 도구였다. 이를 제대로 활용하면 내 삶을 막는 불운을 비켜가고, 이미 와 있는 행운은 몇 배로 더 크게 키워낼 수 있다."
9791199242531,1938 타이완 여행기,"양솽쯔 (지은이), 김이삭 (옮긴이)",소설,36138,https://image.aladin.co.kr/product/37771/30/cover200/k252033568_2.jpg,국내도서>소설/시/희곡>세계의 소설>기타 국가 소설,식민지 여성의 삶에 허락된 선택지가 있었을까? 그럼에도 자신의 존엄을 지키며 살아가려면 어떻게 해야 하는가? 타이완 최초로 2024 전미도서상 번역부문을 수상하며 세계적인 주목을 받은 작가 양솽쯔의 《1938 타이완 여행기》가 한국에서 출간되었다.
9791124038192,나의 완벽한 장례식,조현선 (지은이),소설,35939,https://image.aladin.co.kr/product/38357/53/cover200/k952135368_1.jpg,국내도서>소설/시/희곡>판타지/환상문학>한국판타지/환상소설,"삶과 죽음의 경계에서 피어나는 따뜻한 희망의 이야기 『나의 완벽한 장례식』이 장편소설로 출간되었다. 이 작품은 종합병원과 장례식장이라는 일상적이면서도 서늘한 공간을 무대로, 남겨진 마음과 미처 끝내지 못한 이야기들을 섬세하게 포착해 낸다."
9791194413394,궤도,"서맨사 하비 (지은이), 송예슬 (옮긴이)",소설,35702,https://image.aladin.co.kr/product/38730/79/cover200/k592136949_1.jpg,국내도서>소설/시/희곡>과학소설(SF)>외국 과학소설,"심사위원 만장일치로 2024년 부커상을 수상했고 퓰리처상 수상 작가 앤서니 도어, 오늘날 가장 주목받는 SF 작가 에밀리 세인트존 맨델이 호평했으며 버락 오바마 전 대통령이 ‘2024년 가장 좋았던 책’으로 추천한 소설."
9788937462146,면도날,"서머싯 몸 (지은이), 안진환 (옮긴이)",소설,35305,https://image.aladin.co.kr/product/421/38/cover200/8937462141_2.jpg,국내도서>소설/시/희곡>영미소설,"&lt;인간의 굴레에서&gt; &lt;달과 6펜스&gt;와 함께 서머싯 몸의 대표적인 장편소설로, 1930년대 유럽을 배경으로 꿋꿋이 자신만의 길을 개척하는 한 젊은이의 구도적 여정을 그린다. 날카로운 면도날을 넘어서는 것처럼 고되고 험난한 구도의 길을 선택한 한 젊은이를 통해 삶이 무엇인지에 대한 본원적인 질문을 던진다."
9791190669030,삼국지 원전 완역판 세트,"요시카와 에이지 (엮은이), 나관중 (원작), 바른번역 (옮긴이)",소설,35260,https://image.aladin.co.kr/product/23413/54/cover200/k072638169_1.jpg,국내도서>소설/시/희곡>역사소설>외국 역사소설,"삼국지는 중국의 후한 말부터 100여 년간 이어진 영웅호걸들의 흥망치란을 한데 담아낸 역사 소설로, 오늘날까지 많은 사랑을 받는 고전 작품 중 하나다. 그중 요시카와 에이지판은 나관중 원작의 고전에 가장 충실하면서도 생동감 넘치는 인물 묘사와 역사적 사실에 대한 재해석으로 높은 평가를 받고 있는 작품이다."
9791193904152,행동은 불안을 이긴다,"롭 다이얼 (지은이), 박영준 (옮긴이)",자기계발,35167,https://image.aladin.co.kr/product/36196/71/cover200/k362038594_1.jpg,국내도서>자기계발>성공>성공학,"아주 작은 행동 설계에 필요한 딱 두 가지의 핵심을 전한다. 존재하지 않는 공포와 불안에 속아 현실에 안주하는 마음을 버릴 것. 그리고 몸이 먼저 움직이는 행동 자동화 패턴을 익힐 것. 책에서 제시하는 방법들을 하나씩 완수하고, 몸으로 익힐 때 비로소 의지박약과 만성적 미루기에서 벗어나 행동하는 인생으로 나아갈 수 있을 것이다."
9788960909878,해파리 만개,"김초엽 (지은이), 박지숙 (그림)",소설,34530,https://image.aladin.co.kr/product/39119/88/cover200/8960909874_3.jpg,국내도서>소설/시/희곡>과학소설(SF)>한국 과학소설,"인간과 세계를 감각하는 방식을 집요하게 갱신해온 소설가 김초엽의 두 번째 짧은 소설집. 첫 짧은 소설집 『행성어 서점』이 서로 다른 존재가 마주하는 낯선 세계를 열어 보였다면, 『해파리 만개』는 한 걸음 더 나아가 규정할 수 없는 존재들과의 만남을 통해 우리가 세계를 이해하고 구분해온 방식을 되묻는다."
9791193078709,아무도 오지 않는 곳에서,천선란 (지은이),소설,33932,https://image.aladin.co.kr/product/37425/80/cover200/k242032998_2.jpg,국내도서>소설/시/희곡>과학소설(SF)>한국 과학소설,"이제는 세계가 주목하는 작가로 자리매김한 천선란의 두 번째 연작소설. 천선란은 인간과 비인간, 상실과 생존, 구원과 돌봄의 윤리를 꾸준히 탐구해 왔다. 『아무도 오지 않는 곳에서』는 그 여정의 연장선에 있으며, 그가 오랫동안 사랑해 온 ‘좀비 아포칼립스’라는 무대 위에서 그 정서와 감각을 가장 극단까지 밀어붙인 작품이다."
9791199624993,김미경의 플러스 휴먼,김미경 (지은이),자기계발,33810,https://image.aladin.co.kr/product/39349/9/cover200/k582138437_1.jpg,국내도서>자기계발>성공>성공학,"대한민국 대표 강사이자 190만 구독 유튜브 &lt;김미경TV&gt;의 크리에이터 김미경이 AI 문명의 한가운데서 직접 부딪히며 터득해 써낸, 4060세대를 위한 가장 쉽고 현실적인 AI 안내서. 2020년 코로나 팬데믹이 세상을 멈춰 세웠을 때 김미경은 주저앉는 대신 《김미경의 리부트》를 썼다."
9788965138310,유럽 도시 기행 3,유시민 (지은이),인문학,33230,https://image.aladin.co.kr/product/39715/59/cover200/8965138310_1.jpg,국내도서>인문학>교양 인문학,"『유럽도시기행 3』은 유라시아 대륙의 서쪽 끝, 이베리아반도의 네 도시로 독자를 이끈다. 한때 세계사의 항로를 바꾼 대항해 시대의 주역이었지만, 이후 내전과 독재, 혁명과 재건을 겪으며 쇠퇴와 정체, 혼란과 회복의 시간을 통과해 온 도시들이다."
9791193262658,다정한 사람이 이긴다,이해인 (지은이),에세이,33157,https://image.aladin.co.kr/product/36943/15/cover200/k382030510_1.jpg,국내도서>에세이>한국에세이,"베스트셀러 《감정은 사라져도 결과는 남는다》로 수많은 독자에게 순간의 감정을 다스리며 주체적으로 살아가는 방법을 전한 이해인 작가가 2년 만에 《다정한 사람이 이긴다》로 돌아왔다. 이번 책에서 다정함이 사람들 간의 신뢰를 쌓고, 갈등을 해결하며, 세상을 변화시킬 수 있는 중요한 원동력임을 이야기한다."
9791130674643,눈과 돌멩이,"위수정, 김혜진, 성혜령, 이민진, 정이현, 함윤이 (지은이)",소설,32595,https://image.aladin.co.kr/product/38496/16/cover200/k622135312_1.jpg,국내도서>소설/시/희곡>한국소설>2000년대 이후 한국소설,"제49회 이상문학상 대상에 위수정의 「눈과 돌멩이」가 선정되었다. “죽은 자가 산 자의 여행을 기획하고 산 자가 죽은 자와의 약속을 기꺼이 수행”(신수정 문학평론가)하는 이야기를 담은 이 소설은, 시리도록 아름다운 설경과 그 속에 감추어진 아득한 진실을 향해 독자를 빠져들게 만드는 수작이다."
9791130698199,맡겨진 소녀,"클레어 키건 (지은이), 허진 (옮긴이)",소설,32229,https://image.aladin.co.kr/product/31555/26/cover200/k832832758_1.jpg,국내도서>소설/시/희곡>세계의 소설>아일랜드소설,"2009년 데이비 번스 문학상을 수상한 작품으로, 애정 없는 부모로부터 낯선 친척 집에 맡겨진 한 소녀의 이야기를 그린다. 이 책을 원작으로 하는 영화 「말없는 소녀」 또한 세계 관객들의 열렬한 호평을 받으며 올해 5월 31일 국내 개봉을 앞두고 있다."
9788925573229,저소비 생활,"가제노타미 (지은이), 정지영 (옮긴이)",자기계발,32076,https://image.aladin.co.kr/product/37117/86/cover200/8925573229_1.jpg,국내도서>자기계발>성공>성공학,늘지 않는 월급과 줄지 않는 카드값 사이에서 결단이 필요한 모두에게 제안하는 ‘저소비 생활’. 《저소비 생활》의 저자가 월세 포함 70만 원으로 한 달을 보내며 얻은 것은 단지 ‘돈’이 아니었다. 경제적 불안에서 해방되는 것은 물론 돈을 쉽게 쓰며 잃었던 작은 기쁨과 취향을 되찾을 수 있었다.
9791130681009,떠난 것은 돌아오지 않는다,"줄리언 반스 (지은이), 정영목 (옮긴이)",소설,31555,https://image.aladin.co.kr/product/38434/78/cover200/k232135794_2.jpg,국내도서>소설/시/희곡>영미소설,"“이것이 나의 마지막 책이 될 것이다.” 줄리언 반스가 직접 언급한 마지막 소설로, 18개국 동시 출간과 함께 문학적 사건으로 읽힌다. 부커상 수상 작가가 삶과 기억을 통해 자신의 끝을 응시하며 선택한 가장 반스다운 퇴장이다."
9788960909960,당신의 독자가 될게요,정세랑 (지은이),에세이,31390,https://image.aladin.co.kr/product/39495/53/cover200/8960909963_1.jpg,국내도서>에세이>한국에세이,"정세랑이 5년 만에 펴내는 신작 산문집이자 쓰기에 대해 본격적으로 다룬 첫 번째 책이다. 창작에 대한 선입견과 오해를 짚어보고, 이야기 기계를 작동시키는 방법부터 쓰는 삶을 지속하는 요령까지 현실적이고 구체적인 조언을 전한다. 창작을 시작하려는 이들을 위한 다정한 응원의 책이다."
9791168343764,흉담,전건우 (지은이),소설,31090,https://image.aladin.co.kr/product/39128/54/cover200/k232137457_1.jpg,국내도서>소설/시/희곡>호러.공포소설>한국 호러.공포소설,"저주를 퍼뜨리지 않으면 악귀가 찾아온다. 공포소설가 ‘나’와 편집자가 의문의 죽음을 추적하며 ‘흉담’의 정체에 다가간다. 전건우가 선보이는 악귀, 주술, 현대사의 비극이 뒤엉킨 K-오컬트 호러 미스터리다."
9791141603380,상상 속의 삶,"앤드루 포터 (지은이), 민은영 (옮긴이)",소설,31090,https://image.aladin.co.kr/product/39448/62/cover200/k762139598_1.jpg,국내도서>소설/시/희곡>영미소설,"미국 현대문학의 정교한 이야기꾼, 꾸밈없이 투명한 문장으로 복잡다단한 인간 감정의 결을 어루만지며 미국을 넘어 한국 독자의 마음까지 온통 사로잡은 앤드루 포터가 장편소설 『상상 속의 삶』으로 돌아왔다."
9791193939666,독서의 기술,고명환 (지은이),자기계발,29890,https://image.aladin.co.kr/product/39656/35/cover200/k292130198_2.jpg,국내도서>자기계발>성공>성공학,"‘올해의 작가상’ 수상, 해외 5개국 판권 수출, 요식업 CEO 등 개그맨에서 작가이자 강연가, 사업가로 완벽하게 변신한 저자는 이 모든 것이 독서 덕분이라 말한다. 어떻게 독서가 삶의 무기가 되고 질문에 대한 해답을 주는지 『독서의 기술』을 통해 그간의 독서 경험을 가감 없이 펼쳐낸다."
9791193939314,고전이 답했다 마땅히 가져야 할 부에 대하여,고명환 (지은이),자기계발,29738,https://image.aladin.co.kr/product/36627/6/cover200/k622030576_2.jpg,국내도서>자기계발>성공>성공학,"많은 사람들의 고민이자 가장 관심 있는 주제 ‘돈’에 관해 말한다. 나는 부자가 될 수 있는지, 얼마만큼 가져야 하는지, 부자가 되려면 무엇을 해야하는지 등 돈과 관련된 질문을 던지고 고전에서 그 답을 찾아간다."
9791199040311,살아갈 날들을 위한 괴테의 시,김종원 (지은이),자기계발,29423,https://image.aladin.co.kr/product/35547/2/cover200/s282037246_1.jpg,국내도서>자기계발>성공>성공학,괴테가 남긴 방대한 시들 가운데서 옥석을 가려내듯 가장 아름답고 마음을 울리는 작품들을 다정한 시선과 섬세한 통찰로 문장을 고르고 엮고 또 보태어 그 어떤 위로보다 찬란한 공감과 울림의 순간들을 페이지 곳곳에 담아냈다.
9791192097978,지적 대화를 위한 넓고 얕은 지식 무한,채사장 (지은이),인문학,28765,https://image.aladin.co.kr/product/35301/70/cover200/k692035972_1.jpg,국내도서>인문학>교양 인문학,지난 10년간 단 한 번도 베스트셀러에서 내려온 적이 없는 우리 시대 교양서 《지적 대화를 위한 넓고 얕은 지식》으로 대표적인 인문학 작가로 자리매김한 채사장이 5년 만에 다시 시리즈의 신작으로 돌아왔다.
9791171175864,행복의 기원,서은국 (지은이),인문학,28580,https://image.aladin.co.kr/product/33990/42/cover200/k012930648_2.jpg,국내도서>인문학>심리학/정신분석학>교양 심리학,
